<?xml version="1.0" encoding="UTF-8"?>
<ejb-jar id="MDB_Bean" version="2.1" xmlns="http://java.sun.com/xml/ns/j2ee" 
    xmlns:xsi="http://www.w3.org/2001/XMLSchema-instance" 
    xsi:schemaLocation="http://java.sun.com/xml/ns/j2ee http://java.sun.com/xml/ns/j2ee/ejb-jar_2_1.xsd">

	<display-name>SimpleMDB2</display-name>
	<enterprise-beans>
		<message-driven>
			<ejb-name>SimpleMessage</ejb-name>
			<ejb-class>com.yourcomp.SimpleMessageBean</ejb-class>
			<messaging-type>javax.jms.MessageListener</messaging-type>
			<transaction-type>Container</transaction-type>
			<activation-config>
			<activation-config-property>
			<activation-config-property-name>destinationType</activation-config-property-name>
			<activation-config-property-value>javax.jms.Topic</activation-config-property-value>
			</activation-config-property>
			<activation-config-property>
			<activation-config-property-name>destination</activation-config-property-name>
			<activation-config-property-value>java:jboss/jms/topic1</activation-config-property-value>
			</activation-config-property>
			<activation-config-property>
			<activation-config-property-name>connectionFactoryJndiName
</activation-config-property-name>
			<activation-config-property-value>java:jboss/exported/jms/RemoteConnectionFactory</activation-config-property-value>
			</activation-config-property>
			</activation-config>
		</message-driven>
	</enterprise-beans>
</ejb-jar>
